,category,precision_@0.5IOU,recall_@0.5IOU
0,car,0.7407407407407407,0.7865998212273133
1,pedestrian,0.6984873087770276,0.5952658412235979
2,cyclist,0.5040595399188093,0.24538866930171277
3,van,0.3422459893048128,0.05673758865248227
4,truck,0.3230240549828179,0.091796875
5,bus,0.9257221458046767,0.49231894659839065
6,animal,0.4722222222222222,0.13934426229508196
7,traffic_cone,0.4727272727272727,0.06451612903225806
8,channelizer,0.5,0.13248407643312102
