,category,precision_@0.5IOU,recall_@0.5IOU
0,car,0.8409518358001472,0.7326612759591066
1,pedestrian,0.7438620021608733,0.5590837813620072
2,cyclist,0.6792616094606287,0.5567375886524822
3,van,0.8047546788062722,0.7693423597678917
4,truck,0.8344827586206897,0.761441647597254
5,bus,0.9097877358490566,0.9002333722287048
6,animal,0.6395759717314488,0.6114864864864865
7,traffic_cone,0.7676767676767676,0.32548179871520344
8,channelizer,0.871996303142329,0.5885839051777917
