,category,precision_@0.5IOU,recall_@0.5IOU
0,car,0.870003249918752,0.8401506433727377
1,pedestrian,0.7847477064220183,0.5795223577235772
2,cyclist,0.6997578692493946,0.6618320610687023
3,van,0.6666666666666666,0.2962962962962963
4,truck,0.6794871794871795,0.726027397260274
5,bus,0.8385093167701864,0.8766233766233766
6,animal,0.7341772151898734,0.5523809523809524
7,traffic_cone,0.6060606060606061,0.45977011494252873
8,channelizer,0.7355371900826446,0.6768060836501901
