,category,precision_@0.5IOU,recall_@0.5IOU
0,car,0.8581110062623316,0.7617850887213464
1,pedestrian,0.8715039156145118,0.5315851043088321
2,cyclist,0.5421956684092606,0.6313043478260869
3,van,0.8,0.18181818181818182
4,truck,0.734375,0.5108695652173914
5,bus,0.7651006711409396,0.7215189873417721
6,animal,0.5,0.2
7,traffic_cone,0.5428571428571428,0.3064516129032258
8,channelizer,0.8269230769230769,0.5512820512820513
