{"h": [[0.9780214119272985, 0.09283347114610112, 2.5272181434505896], [-0.022743345623327835, 1.0028344737622992, 5.354980761830051], [-4.988216564822173e-05, 4.90096075846157e-05, 1.0]], "pts_IR": [[91, 113], [74, 261], [153, 153], [149, 262], [261, 148], [261, 162], [325, 136], [326, 159], [288, 259], [289, 281], [325, 260], [324, 281], [318, 33], [307, 103], [391, 90], [396, 32], [370, 186], [380, 232], [387, 203], [396, 234], [16, 14], [8, 48], [41, 6], [35, 42], [46, 49], [104, 8], [160, 98], [149, 20], [180, 21], [209, 93], [328, 6], [335, 54], [451, 87], [455, 112], [473, 84], [475, 113], [488, 63], [493, 107], [565, 185], [620, 130], [373, 312], [375, 348], [480, 316], [574, 357], [125, 386], [108, 400], [485, 387], [502, 406]], "pts_RGB": [[91, 118], [91, 266], [156, 159], [173, 264], [262, 148], [262, 166], [327, 136], [329, 161], [302, 260], [303, 282], [335, 258], [336, 282], [319, 34], [309, 105], [401, 86], [405, 31], [376, 186], [381, 233], [395, 202], [398, 234], [25, 12], [14, 49], [50, 5], [44, 40], [53, 51], [115, 6], [160, 102], [166, 24], [197, 19], [206, 95], [329, 7], [337, 55], [473, 86], [479, 114], [494, 80], [498, 111], [509, 62], [515, 105], [574, 182], [624, 128], [393, 311], [407, 344], [508, 307], [607, 343], [179, 391], [162, 409], [528, 379], [554, 396]]}